mean_acc,mean_macro_f1,method,n_real,seeds,std_acc,std_macro_f1
0.3003891050583657,0.2883745469119584,noise_aug,10,10,0.06024639830004616,0.06365273252467135
0.3116731517509727,0.3036242498194546,noise_aug,25,10,0.044796866983109834,0.04684501761505265
0.3653696498054474,0.3743638868388087,noise_aug,50,10,0.050114220666279,0.046671406079310813
0.3303501945525292,0.32190927894155563,real_only,10,10,0.0738149605028508,0.075903843832866
0.30350194552529175,0.2948430193168418,real_only,25,10,0.05258919567500207,0.05148884875009635
0.3634241245136186,0.37844219327951323,real_only,50,10,0.05561163038489905,0.038680019808178596
0.2591439688715953,0.2690261618748598,s_a_directional,10,10,0.03156844187097546,0.035295159108368244
0.33229571984435796,0.31732860495955334,s_a_directional,25,10,0.04946380881578429,0.04465949613071345
0.4101167315175097,0.4015890479268699,s_a_directional,50,10,0.04267165761863178,0.038791882225454835
