{
  "base_imbalance": {
    "soft_direction": [
      [
        0.8886387909871305,
        0.8390730013471553,
        -0.14342403445239793,
        0.0048426068324111836,
        -0.251054082765653,
        -1.0272149032792572,
        -0.4315986238518759,
        -0.38836870775611554
      ],
      [
        1.226764944013715,
        0.8564527063989874,
        -0.7179274071151981,
        -0.34667274720605096,
        -0.038918008628467664,
        -0.18841807553410447,
        -0.940023050751856,
        -0.9511443918449797
      ],
      [
        2.566668672708646,
        -1.047691851553641,
        -1.744554085041884,
        -0.3061421257551948,
        0.09611044188263348,
        0.04354597304402937,
        0.2766679838493853,
        0.6354580650755005
      ],
      [
        -3.5170921461122227,
        -4.992097694073482,
        -1.2488314444593749,
        2.052223405546756,
        2.8748872925071622,
        3.620260099162024,
        4.334638226406041,
        3.7436160020259517
      ]
    ],
    "soft_gain": [
      [
        1.073679037093669,
        1.0694300468997082,
        0.9885916516573106,
        1.0003874835989754,
        0.9801160199494676,
        0.921108730895535,
        0.9660613959471638,
        0.969408200141173
      ],
      [
        1.103118529508649,
        1.0709179913645388,
        0.9441840226667361,
        0.9726472318049102,
        0.9968914010400717,
        0.9850395896863944,
        0.9275562457138347,
        0.9267313591707014
      ],
      [
        1.1735108709918103,
        0.9196010464767217,
        0.8697370739991751,
        0.9758061100298461,
        1.0077184703493196,
        1.0034897529016478,
        1.0223802004616331,
        1.0521510053335348
      ],
      [
        0.8521437889662113,
        0.8521437889662113,
        0.9049220102121811,
        1.1735108709918103,
        1.1735108709918103,
        1.1735108709918103,
        1.1735108709918103,
        1.1735108709918103
      ]
    ],
    "std_direction": [
      0.4626063472373899,
      0.7452423182819835,
      1.609182057168104,
      0.23676250508759702
    ],
    "std_gain": [
      1.0377018493385946,
      1.0614324730223645,
      1.1373881809773223,
      1.0191215190887808
    ]
  },
  "lead_screw_anomaly": {
    "soft_direction": [
      [
        0.6766883470965754,
        -0.9715599560721186,
        0.015559178754920088,
        0.41233034875996727,
        0.5258983168600294,
        0.43273192145613826,
        -1.340095894748186,
        -1.2495417557581852
      ],
      [
        0.18361816196650022,
        -1.0422245757540123,
        0.011448474731423118,
        0.1308085481665316,
        0.5442212823824013,
        0.5000767856743509,
        -0.22359866775320458,
        -0.05983646638315886
      ],
      [
        -0.04079545969553735,
        -0.8663428126564543,
        0.4879717895127211,
        0.21820226821969713,
        -0.10228132173533687,
        0.004991657812157296,
        -0.11817946621651279,
        -0.16176023660263603
      ],
      [
        1.7200571589791005,
        1.1622316126509995,
        -0.3886863067505893,
        -2.053193242944365,
        -1.5326150062420825,
        -1.4216981202517716,
        -1.146015917411649,
        -0.5840821460626974
      ]
    ],
    "soft_gain": [
      [
        1.055627173732358,
        0.9252190150344791,
        1.0012455093036572,
        1.0335365118860464,
        1.0429694294193885,
        1.0352247508429844,
        0.8983390941184906,
        0.9048705895669099
      ],
      [
        1.014797873198931,
        0.9200033514545362,
        1.0009162975228236,
        1.0105196301553645,
        1.0444993739019333,
        1.040817167760599,
        0.9822711452444701,
        0.9952245217181763
      ],
      [
        0.9967416830979067,
        0.9330397962117947,
        1.0398097286155534,
        1.0176094310117856,
        0.9918508798399688,
        1.0003994123688598,
        0.9905901946248195,
        0.9871425534459596
      ],
      [
        1.1475216991613775,
        1.0974381719333863,
        0.9693835698085091,
        0.8521437889662113,
        0.8846092998916271,
        0.8924936772919655,
        0.91239590805847,
        0.9543483077683316
      ]
    ],
    "std_direction": [
      1.405464090218248,
      0.9843991047682287,
      0.182743563190949,
      0.031093164580360235
    ],
    "std_gain": [
      1.1190018999379174,
      1.081935891188964,
      1.0147268724046616,
      1.0024905494448066
    ]
  },
  "normal_machining": {
    "soft_direction": [
      [
        -1.5491672609194773,
        -0.3265458492067996,
        0.11826374089663942,
        -0.10746756656377192,
        0.08178645517298158,
        0.6054800050033277,
        0.9919317013628031,
        0.8807351777396915
      ],
      [
        -1.415348182487747,
        -0.2847078588803792,
        0.6164629412624331,
        0.21845977349421486,
        -0.21784704136544308,
        -0.019318183116418572,
        1.5527885294945851,
        1.4110585541220044
      ],
      [
        -2.44103388362172,
        1.7475400864503599,
        1.2517214921471076,
        0.0825733170123627,
        0.014215114536862033,
        -0.04877809831089092,
        -0.14693379001288204,
        -0.3975410792872482
      ],
      [
        1.3747111737331406,
        2.735945019577121,
        1.617537772638754,
        -0.7467570999488025,
        -1.0091490171108641,
        -1.3419638131448712,
        -1.4842104862119563,
        -1.295380442381734
      ]
    ],
    "soft_gain": [
      [
        0.8834386928363779,
        0.9742146030490307,
        1.0095059969535478,
        0.9914394466779034,
        1.006564368051341,
        1.0496307129970779,
        1.0825880706021669,
        1.0730003761623346
      ],
      [
        0.8929471748139018,
        0.9774808005364662,
        1.0505533604501633,
        1.017630394411383,
        0.9827232217746199,
        0.9984557389507589,
        1.1322684319406426,
        1.1195028292857971
      ],
      [
        0.8521437889662113,
        1.1500474552011024,
        1.1053231320013446,
        1.0066277322128816,
        1.0011378560304738,
        0.9961053560103773,
        0.9883141134190727,
        0.9686971192908279
      ],
      [
        1.1162522779226256,
        1.1735108709918103,
        1.1381487305080156,
        0.9420088891400381,
        0.9224409450072656,
        0.8982048622184805,
        0.888041467986803,
        0.9015584199476396
      ]
    ],
    "std_direction": [
      -0.6679885338228775,
      -1.4006397543865479,
      -1.7219156543020195,
      -0.2674374170953293
    ],
    "std_gain": [
      0.9479636866276923,
      0.8939985011724394,
      0.8713136598263349,
      0.9788322559516982
    ]
  }
}
